Value,Count,LBA,LF,VALUE_1,DIST_YEAR,DIST_TYPE,TYPE_CONFIDENCE,SEVERITY,SOURCE1,SOURCE2,SOURCE3,SOURCE4,DESCRIPTION
1,5580015043,9999,-9999,-9999,2019,NoData,NA,NA,NA,NA,NA,NA,NA
2,8871972231,9999,0,0,2019,NA,NA,NA,NA,NA,NA,NA,Background
3,779581480,9999,-1111,,,,,,,,,,
4,1087489,1,-1111,,,,,,,,,,
5,8971643,9999,1103,1103,2019,Unknown,NA,High,Image-based change detection,Protected Area Database GAP Status,dNBR (Std Dev Breaks),NA,"Image-based change detection identified change (outside LANDFIRE Events Geodatabase 500 m buffer, PAD GAP Status equals 0)."
6,4521476,9999,1102,1102,2019,Unknown,NA,Medium,Image-based change detection,Protected Area Database GAP Status,dNBR (Std Dev Breaks),NA,"Image-based change detection identified change (outside LANDFIRE Events Geodatabase 500 m buffer, PAD GAP Status equals 0)."
7,11495207,9999,1101,1101,2019,Unknown,NA,Low,Image-based change detection,Protected Area Database GAP Status,dNBR (Std Dev Breaks),NA,"Image-based change detection identified change (outside LANDFIRE Events Geodatabase 500 m buffer, PAD GAP Status equals 0). "
8,21081285,1,0,0,2019,NA,NA,NA,NA,NA,NA,NA,Background
9,1347108,9999,701,701,2019,Unknown,NA,Low,Image-based change detection,Protected Area Database GAP Status,dNBR (Std Dev Breaks),NA,"Image-based change detection identified disturbance.  Anthropogenic causality likely, but unknown (outside LANDFIRE Events Geodatabase 500m buffer, PAD GAP Status GAP Status equals 3 or 4). "
10,650618,9999,703,703,2019,Unknown,NA,High,Image-based change detection,Protected Area Database GAP Status,dNBR (Std Dev Breaks),NA,"Image-based change detection identified disturbance.  Anthropogenic causality likely, but unknown (outside LANDFIRE Events Geodatabase 500m buffer, PAD GAP Status GAP Status equals 3 or 4). "
11,406105,9999,702,702,2019,Unknown,NA,Medium,Image-based change detection,Protected Area Database GAP Status,dNBR (Std Dev Breaks),NA,"Image-based change detection identified disturbance.  Anthropogenic causality likely, but unknown (outside LANDFIRE Events Geodatabase 500m buffer, PAD GAP Status GAP Status equals 3 or 4). "
12,15952934,9999,1041,1041,2019,Insects,Medium,Low,LANDFIRE Events Geodatabase,dNBR (Std Dev Breaks),NA,NA,Insects LANDFIRE Events Geodatabase polygon. No change from Landsat image-based change detection or low confidence in severity assignment so default severity of low.
13,71038,9999,541,541,2019,Insects,Medium,Low,LANDFIRE Events Geodatabase,Image-based change detection,dNBR (Std Dev Breaks),NA,Image-based change detection identified disturbance within Insects LANDFIRE Events Geodatabase polygon.
14,11699,9999,543,543,2019,Insects,Medium,High,LANDFIRE Events Geodatabase,Image-based change detection,dNBR (Std Dev Breaks),NA,Image-based change detection identified disturbance within Insects LANDFIRE Events Geodatabase polygon.
15,14861,9999,843,843,2019,Insects,Low,High,Image-based change detection,LANDFIRE Events Geodatabase,dNBR (Std Dev Breaks),NA,"Insects causality likely, but could be other causality type than assigned (Image-based change detection pixels within Insects LANDFIRE Events Geodatabase 500 m buffer). "
16,14821,9999,542,542,2019,Insects,Medium,Medium,LANDFIRE Events Geodatabase,Image-based change detection,dNBR (Std Dev Breaks),NA,Image-based change detection identified disturbance within Insects LANDFIRE Events Geodatabase polygon.
17,41248,9999,841,841,2019,Insects,Low,Low,Image-based change detection,LANDFIRE Events Geodatabase,dNBR (Std Dev Breaks),NA,"Insects causality likely, but could be other causality type than assigned (Image-based change detection pixels within Insects LANDFIRE Events Geodatabase 500 m buffer). "
18,12785,9999,842,842,2019,Insects,Low,Medium,Image-based change detection,LANDFIRE Events Geodatabase,dNBR (Std Dev Breaks),NA,"Insects causality likely, but could be other causality type than assigned (Image-based change detection pixels within Insects LANDFIRE Events Geodatabase 500 m buffer). "
19,267109,9999,601,601,2019,Unknown,NA,Low,Image-based change detection,Protected Area Database GAP Status,dNBR (Std Dev Breaks),NA,"Image-based change detection identified disturbance.  Anthropogenic causality not expected (outside LANDFIRE Events Geodatabase 500m buffer, PAD GAP Status equals 1 or 2)."
20,135403,9999,603,603,2019,Unknown,NA,High,Image-based change detection,Protected Area Database GAP Status,dNBR (Std Dev Breaks),NA,"Image-based change detection identified disturbance.  Anthropogenic causality not expected (outside LANDFIRE Events Geodatabase 500m buffer, PAD GAP Status equals 1 or 2)."
21,98974,9999,602,602,2019,Unknown,NA,Medium,Image-based change detection,Protected Area Database GAP Status,dNBR (Std Dev Breaks),NA,"Image-based change detection identified disturbance.  Anthropogenic causality not expected (outside LANDFIRE Events Geodatabase 500m buffer, PAD GAP Status equals 1 or 2)."
22,1578424,9999,941,941,2019,Thinning,High,Low,LANDFIRE Events Geodatabase,dNBR (Std Dev Breaks),NA,NA,Thinning LANDFIRE Events Geodatabase polygon. No change from Landsat image-based change detection or low confidence in severity assignment so default severity of low.
23,66565,9999,442,442,2019,Thinning,High,Medium,LANDFIRE Events Geodatabase,Image-based change detection,dNBR (Std Dev Breaks),NA,Image-based change detection identified disturbance within Thinning LANDFIRE Events Geodatabase polygon.
24,150958,9999,441,441,2019,Thinning,High,Low,LANDFIRE Events Geodatabase,Image-based change detection,dNBR (Std Dev Breaks),NA,Image-based change detection identified disturbance within Thinning LANDFIRE Events Geodatabase polygon.
25,44461,9999,741,741,2019,Thinning,Medium,Low,Image-based change detection,LANDFIRE Events Geodatabase,dNBR (Std Dev Breaks),NA,"Thinning causality likely, but could be other causality type than assigned (Image-based change detection pixels within Thinning LANDFIRE Events Geodatabase 500 m buffer). "
26,1049099,9999,1051,1051,2019,Disease,Medium,Low,LANDFIRE Events Geodatabase,dNBR (Std Dev Breaks),NA,NA,Disease LANDFIRE Events Geodatabase polygon. No change from Landsat image-based change detection or low confidence in severity assignment so default severity of low.
27,280946,1,1113,1113,2019,Unknown,NA,High,Image-based change detection,Protected Area Database GAP Status,dNBR (Std Dev Breaks),Burned Area Essential Climate Product,"Image-based change detection identified change (outside LANDFIRE Events Geodatabase 500 m buffer, PAD GAP Status equals 0).  Burned Area Essential Climate Variable (BAECV) indicates burned condition (BAECV >=  95%)."
28,11655,9999,551,551,2019,Disease,Medium,Low,LANDFIRE Events Geodatabase,Image-based change detection,dNBR (Std Dev Breaks),NA,Image-based change detection identified disturbance within Disease LANDFIRE Events Geodatabase polygon.
29,3345,9999,851,851,2019,Disease,Low,Low,Image-based change detection,LANDFIRE Events Geodatabase,dNBR (Std Dev Breaks),NA,"Disease causality likely, but could be other causality type than assigned (Image-based change detection pixels within Disease LANDFIRE Events Geodatabase 500 m buffer). "
30,1190,9999,853,853,2019,Disease,Low,High,Image-based change detection,LANDFIRE Events Geodatabase,dNBR (Std Dev Breaks),NA,"Disease causality likely, but could be other causality type than assigned (Image-based change detection pixels within Disease LANDFIRE Events Geodatabase 500 m buffer). "
31,915,9999,852,852,2019,Disease,Low,Medium,Image-based change detection,LANDFIRE Events Geodatabase,dNBR (Std Dev Breaks),NA,"Disease causality likely, but could be other causality type than assigned (Image-based change detection pixels within Disease LANDFIRE Events Geodatabase 500 m buffer). "
32,1950,9999,552,552,2019,Disease,Medium,Medium,LANDFIRE Events Geodatabase,Image-based change detection,dNBR (Std Dev Breaks),NA,Image-based change detection identified disturbance within Disease LANDFIRE Events Geodatabase polygon.
33,369012,9999,1061,1061,2019,Insects/Disease,Medium,Low,LANDFIRE Events Geodatabase,dNBR (Std Dev Breaks),NA,NA,Insects/Disease LANDFIRE Events Geodatabase polygon. No change from Landsat image-based change detection or low confidence in severity assignment so default severity of low.
34,2823,9999,861,861,2019,Insects/Disease,Low,Low,Image-based change detection,LANDFIRE Events Geodatabase,dNBR (Std Dev Breaks),NA,"Insects/Disease causality likely, but could be other causality type than assigned (Image-based change detection pixels within Insects/Disease LANDFIRE Events Geodatabase 500 m buffer). "
35,1930,9999,563,563,2019,Insects/Disease,Medium,High,LANDFIRE Events Geodatabase,Image-based change detection,dNBR (Std Dev Breaks),NA,Image-based change detection identified disturbance within Insect/Disease LANDFIRE Events Geodatabase polygon.
36,3096,9999,562,562,2019,Insects/Disease,Medium,Medium,LANDFIRE Events Geodatabase,Image-based change detection,dNBR (Std Dev Breaks),NA,Image-based change detection identified disturbance within Insect/Disease LANDFIRE Events Geodatabase polygon.
37,959,9999,862,862,2019,Insects/Disease,Low,Medium,Image-based change detection,LANDFIRE Events Geodatabase,dNBR (Std Dev Breaks),NA,"Insects/Disease causality likely, but could be other causality type than assigned (Image-based change detection pixels within Insects/Disease LANDFIRE Events Geodatabase 500 m buffer). "
38,1852,9999,863,863,2019,Insects/Disease,Low,High,Image-based change detection,LANDFIRE Events Geodatabase,dNBR (Std Dev Breaks),NA,"Insects/Disease causality likely, but could be other causality type than assigned (Image-based change detection pixels within Insects/Disease LANDFIRE Events Geodatabase 500 m buffer). "
39,55554,1,1132,1132,2019,Unknown,NA,Medium,Image-based change detection,Protected Area Database GAP Status,dNBR (Std Dev Breaks),Burned Area Essential Climate Product,"Image-based change detection identified change (outside LANDFIRE Events Geodatabase 500m buffer, PAD GAP Status equals 3 or 4).  Burned Area Essential Climate Variable (BAECV) indicates burned condition (BAECV >=  95%)."
40,45218,1,1133,1133,2019,Unknown,NA,High,Image-based change detection,Protected Area Database GAP Status,dNBR (Std Dev Breaks),Burned Area Essential Climate Product,"Image-based change detection identified change (outside LANDFIRE Events Geodatabase 500m buffer, PAD GAP Status equals 3 or 4).  Burned Area Essential Climate Variable (BAECV) indicates burned condition (BAECV >=  95%)."
41,4582,1,702,702,2019,Unknown,NA,Medium,Image-based change detection,Protected Area Database GAP Status,dNBR (Std Dev Breaks),NA,"Image-based change detection identified disturbance.  Anthropogenic causality likely, but unknown (outside LANDFIRE Events Geodatabase 500m buffer, PAD GAP Status GAP Status equals 3 or 4). "
42,362237,1,1131,1131,2019,Unknown,NA,Low,Image-based change detection,Protected Area Database GAP Status,dNBR (Std Dev Breaks),Burned Area Essential Climate Product,"Image-based change detection identified change (outside LANDFIRE Events Geodatabase 500m buffer, PAD GAP Status equals 3 or 4).  Burned Area Essential Climate Variable (BAECV) indicates burned condition (BAECV >=  95%)."
43,4559,1,703,703,2019,Unknown,NA,High,Image-based change detection,Protected Area Database GAP Status,dNBR (Std Dev Breaks),NA,"Image-based change detection identified disturbance.  Anthropogenic causality likely, but unknown (outside LANDFIRE Events Geodatabase 500m buffer, PAD GAP Status GAP Status equals 3 or 4). "
44,5068,9999,1131,1131,2019,Unknown,NA,Low,Image-based change detection,Protected Area Database GAP Status,dNBR (Std Dev Breaks),Burned Area Essential Climate Product,"Image-based change detection identified change (outside LANDFIRE Events Geodatabase 500m buffer, PAD GAP Status equals 3 or 4).  Burned Area Essential Climate Variable (BAECV) indicates burned condition (BAECV >=  95%)."
45,189,9999,1132,1132,2019,Unknown,NA,Medium,Image-based change detection,Protected Area Database GAP Status,dNBR (Std Dev Breaks),Burned Area Essential Climate Product,"Image-based change detection identified change (outside LANDFIRE Events Geodatabase 500m buffer, PAD GAP Status equals 3 or 4).  Burned Area Essential Climate Variable (BAECV) indicates burned condition (BAECV >=  95%)."
46,33081,1,701,701,2019,Unknown,NA,Low,Image-based change detection,Protected Area Database GAP Status,dNBR (Std Dev Breaks),NA,"Image-based change detection identified disturbance.  Anthropogenic causality likely, but unknown (outside LANDFIRE Events Geodatabase 500m buffer, PAD GAP Status GAP Status equals 3 or 4). "
47,261,9999,1133,1133,2019,Unknown,NA,High,Image-based change detection,Protected Area Database GAP Status,dNBR (Std Dev Breaks),Burned Area Essential Climate Product,"Image-based change detection identified change (outside LANDFIRE Events Geodatabase 500m buffer, PAD GAP Status equals 3 or 4).  Burned Area Essential Climate Variable (BAECV) indicates burned condition (BAECV >=  95%)."
48,4399977,9999,961,961,2019,Other Mechanical,High,Low,LANDFIRE Events Geodatabase,dNBR (Std Dev Breaks),NA,NA,Other Mechanical LANDFIRE Events Geodatabase polygon. No change from Landsat image-based change detection or low confidence in severity assignment so default severity of low.
49,130293,9999,461,461,2019,Other Mechanical,High,Low,LANDFIRE Events Geodatabase,Image-based change detection,dNBR (Std Dev Breaks),NA,Image-based change detection identified disturbance within Other Mechanical LANDFIRE Events Geodatabase polygon.
50,41776,9999,462,462,2019,Other Mechanical,High,Medium,LANDFIRE Events Geodatabase,Image-based change detection,dNBR (Std Dev Breaks),NA,Image-based change detection identified disturbance within Other Mechanical LANDFIRE Events Geodatabase polygon.
51,37559,9999,463,463,2019,Other Mechanical,High,High,LANDFIRE Events Geodatabase,Image-based change detection,dNBR (Std Dev Breaks),NA,Image-based change detection identified disturbance within Other Mechanical LANDFIRE Events Geodatabase polygon.
52,7380,9999,762,762,2019,Other Mechanical,Medium,Medium,Image-based change detection,LANDFIRE Events Geodatabase,dNBR (Std Dev Breaks),NA,"Other Mechanical causality likely, but could be other causality type than assigned (Image-based change detection pixels within Development LANDFIRE Events Geodatabase 500 m buffer). "
53,22383,9999,761,761,2019,Other Mechanical,Medium,Low,Image-based change detection,LANDFIRE Events Geodatabase,dNBR (Std Dev Breaks),NA,"Other Mechanical causality likely, but could be other causality type than assigned (Image-based change detection pixels within Development LANDFIRE Events Geodatabase 500 m buffer). "
54,963668,1,1111,1111,2019,Unknown,NA,Low,Image-based change detection,Protected Area Database GAP Status,dNBR (Std Dev Breaks),Burned Area Essential Climate Product,"Image-based change detection identified change (outside LANDFIRE Events Geodatabase 500 m buffer, PAD GAP Status equals 0).  Burned Area Essential Climate Variable (BAECV) indicates burned condition (BAECV >=  95%)."
55,157366,1,1112,1112,2019,Unknown,NA,Medium,Image-based change detection,Protected Area Database GAP Status,dNBR (Std Dev Breaks),Burned Area Essential Climate Product,"Image-based change detection identified change (outside LANDFIRE Events Geodatabase 500 m buffer, PAD GAP Status equals 0).  Burned Area Essential Climate Variable (BAECV) indicates burned condition (BAECV >=  95%)."
56,82370,1,-9999,-9999,2019,NoData,NA,NA,NA,NA,NA,NA,NA
57,74432,9999,443,443,2019,Thinning,High,High,LANDFIRE Events Geodatabase,Image-based change detection,dNBR (Std Dev Breaks),NA,Image-based change detection identified disturbance within Thinning LANDFIRE Events Geodatabase polygon.
58,15258,9999,742,742,2019,Thinning,Medium,Medium,Image-based change detection,LANDFIRE Events Geodatabase,dNBR (Std Dev Breaks),NA,"Thinning causality likely, but could be other causality type than assigned (Image-based change detection pixels within Thinning LANDFIRE Events Geodatabase 500 m buffer). "
59,17489,9999,743,743,2019,Thinning,Medium,High,Image-based change detection,LANDFIRE Events Geodatabase,dNBR (Std Dev Breaks),NA,"Thinning causality likely, but could be other causality type than assigned (Image-based change detection pixels within Thinning LANDFIRE Events Geodatabase 500 m buffer). "
60,610980,9999,971,971,2019,Wildfire,High,Low,LANDFIRE Events Geodatabase,dNBR (Std Dev Breaks),NA,NA,Wildfire LANDFIRE Events Geodatabase polygon. No change from Landsat image-based change detection or low confidence in severity assignment so default severity of low.
61,151483,1,971,971,2019,Wildfire,High,Low,LANDFIRE Events Geodatabase,dNBR (Std Dev Breaks),NA,NA,Wildfire LANDFIRE Events Geodatabase polygon. No change from Landsat image-based change detection or low confidence in severity assignment so default severity of low.
62,29415,1,473,473,2019,Wildfire,High,High,LANDFIRE Events Geodatabase,Image-based change detection,dNBR (Std Dev Breaks),NA,Image-based change detection identified disturbance within Wildfire LANDFIRE Events Geodatabase polygon.
63,18027,1,472,472,2019,Wildfire,High,Medium,LANDFIRE Events Geodatabase,Image-based change detection,dNBR (Std Dev Breaks),NA,Image-based change detection identified disturbance within Wildfire LANDFIRE Events Geodatabase polygon.
64,14028,1,1041,1041,2019,Insects,Medium,Low,LANDFIRE Events Geodatabase,dNBR (Std Dev Breaks),NA,NA,Insects LANDFIRE Events Geodatabase polygon. No change from Landsat image-based change detection or low confidence in severity assignment so default severity of low.
65,419489,9999,931,931,2019,Harvest,High,Low,LANDFIRE Events Geodatabase,dNBR (Std Dev Breaks),NA,NA,Harvest LANDFIRE Events Geodatabase polygon. No change from Landsat image-based change detection or low confidence in severity assignment so default severity of low.
66,56428,9999,431,431,2019,Harvest,High,Low,LANDFIRE Events Geodatabase,Image-based change detection,dNBR (Std Dev Breaks),NA,Image-based change detection identified disturbance within Harvest LANDFIRE Events Geodatabase polygon.
67,35881,9999,433,433,2019,Harvest,High,High,LANDFIRE Events Geodatabase,Image-based change detection,dNBR (Std Dev Breaks),NA,Image-based change detection identified disturbance within Harvest LANDFIRE Events Geodatabase polygon.
68,29923,9999,432,432,2019,Harvest,High,Medium,LANDFIRE Events Geodatabase,Image-based change detection,dNBR (Std Dev Breaks),NA,Image-based change detection identified disturbance within Harvest LANDFIRE Events Geodatabase polygon.
69,18893,9999,731,731,2019,Harvest,Medium,Low,Image-based change detection,LANDFIRE Events Geodatabase,dNBR (Std Dev Breaks),NA,"Harvest causality likely, but could be other causality type than assigned (Image-based change detection pixels within Harvest LANDFIRE Events Geodatabase 500 m buffer). "
70,1624,1,602,602,2019,Unknown,NA,Medium,Image-based change detection,Protected Area Database GAP Status,dNBR (Std Dev Breaks),NA,"Image-based change detection identified disturbance.  Anthropogenic causality not expected (outside LANDFIRE Events Geodatabase 500m buffer, PAD GAP Status equals 1 or 2)."
71,66720,1,1101,1101,2019,Unknown,NA,Low,Image-based change detection,Protected Area Database GAP Status,dNBR (Std Dev Breaks),NA,"Image-based change detection identified change (outside LANDFIRE Events Geodatabase 500 m buffer, PAD GAP Status equals 0). "
72,198376,9999,1001,1001,2019,Wildland Fire,High,Low,LANDFIRE Events Geodatabase,dNBR (Std Dev Breaks),NA,NA,Wildland Fire LANDFIRE Events Geodatabase polygon. No change from Landsat image-based change detection or low confidence in severity assignment so default severity of low.
73,38991,9999,21,21,2019,Fire,High,Unburned/Low,BARC,NA,NA,NA,BARC mapped fire.
74,18203,9999,22,22,2019,Fire,High,Low,BARC,NA,NA,NA,BARC mapped fire.
75,91541,9999,471,471,2019,Wildfire,High,Low,LANDFIRE Events Geodatabase,Image-based change detection,dNBR (Std Dev Breaks),NA,Image-based change detection identified disturbance within Wildfire LANDFIRE Events Geodatabase polygon.
76,1112,9999,23,23,2019,Fire,High,Medium,BARC,NA,NA,NA,BARC mapped fire.
77,29432,9999,472,472,2019,Wildfire,High,Medium,LANDFIRE Events Geodatabase,Image-based change detection,dNBR (Std Dev Breaks),NA,Image-based change detection identified disturbance within Wildfire LANDFIRE Events Geodatabase polygon.
78,40942,9999,473,473,2019,Wildfire,High,High,LANDFIRE Events Geodatabase,Image-based change detection,dNBR (Std Dev Breaks),NA,Image-based change detection identified disturbance within Wildfire LANDFIRE Events Geodatabase polygon.
79,3512,1,23,23,2019,Fire,High,Medium,BARC,NA,NA,NA,BARC mapped fire.
80,10197,1,22,22,2019,Fire,High,Low,BARC,NA,NA,NA,BARC mapped fire.
81,403,1,24,24,2019,Fire,High,High,BARC,NA,NA,NA,BARC mapped fire.
82,1407,1,21,21,2019,Fire,High,Unburned/Low,BARC,NA,NA,NA,BARC mapped fire.
83,30,9999,24,24,2019,Fire,High,High,BARC,NA,NA,NA,BARC mapped fire.
84,31543,1,471,471,2019,Wildfire,High,Low,LANDFIRE Events Geodatabase,Image-based change detection,dNBR (Std Dev Breaks),NA,Image-based change detection identified disturbance within Wildfire LANDFIRE Events Geodatabase polygon.
85,2957,9999,772,772,2019,Wildfire,Medium,Medium,Image-based change detection,LANDFIRE Events Geodatabase,dNBR (Std Dev Breaks),NA,"Wildfire causality likely, but could be other causality type than assigned (Image-based change detection pixels within Wildfire LANDFIRE Events Geodatabase 500 m buffer). "
86,3226,9999,773,773,2019,Wildfire,Medium,High,Image-based change detection,LANDFIRE Events Geodatabase,dNBR (Std Dev Breaks),NA,"Wildfire causality likely, but could be other causality type than assigned (Image-based change detection pixels within Wildfire LANDFIRE Events Geodatabase 500 m buffer). "
87,8511,9999,763,763,2019,Other Mechanical,Medium,High,Image-based change detection,LANDFIRE Events Geodatabase,dNBR (Std Dev Breaks),NA,"Other Mechanical causality likely, but could be other causality type than assigned (Image-based change detection pixels within Development LANDFIRE Events Geodatabase 500 m buffer). "
88,5224150,9999,991,991,2019,Prescribed Fire,High,Low,LANDFIRE Events Geodatabase,dNBR (Std Dev Breaks),NA,NA,Prescribed Fire LANDFIRE Events Geodatabase polygon. No change from Landsat image-based change detection or low confidence in severity assignment so default severity of low.
89,54699,9999,492,492,2019,Prescribed Fire,High,Medium,LANDFIRE Events Geodatabase,Image-based change detection,dNBR (Std Dev Breaks),NA,Image-based change detection identified disturbance within Prescribed Fire LANDFIRE Events Geodatabase polygon.
90,185059,9999,491,491,2019,Prescribed Fire,High,Low,LANDFIRE Events Geodatabase,Image-based change detection,dNBR (Std Dev Breaks),NA,Image-based change detection identified disturbance within Prescribed Fire LANDFIRE Events Geodatabase polygon.
91,16220,9999,793,793,2019,Prescribed Fire,Medium,High,Image-based change detection,LANDFIRE Events Geodatabase,dNBR (Std Dev Breaks),NA,"Prescribed Fire causality likely, but could be other causality type than assigned (Image-based change detection pixels within Prescribed Fire LANDFIRE Events Geodatabase 500 m buffer). "
92,11495,9999,792,792,2019,Prescribed Fire,Medium,Medium,Image-based change detection,LANDFIRE Events Geodatabase,dNBR (Std Dev Breaks),NA,"Prescribed Fire causality likely, but could be other causality type than assigned (Image-based change detection pixels within Prescribed Fire LANDFIRE Events Geodatabase 500 m buffer). "
93,696609,1,991,991,2019,Prescribed Fire,High,Low,LANDFIRE Events Geodatabase,dNBR (Std Dev Breaks),NA,NA,Prescribed Fire LANDFIRE Events Geodatabase polygon. No change from Landsat image-based change detection or low confidence in severity assignment so default severity of low.
94,100184,1,491,491,2019,Prescribed Fire,High,Low,LANDFIRE Events Geodatabase,Image-based change detection,dNBR (Std Dev Breaks),NA,Image-based change detection identified disturbance within Prescribed Fire LANDFIRE Events Geodatabase polygon.
95,86497,9999,493,493,2019,Prescribed Fire,High,High,LANDFIRE Events Geodatabase,Image-based change detection,dNBR (Std Dev Breaks),NA,Image-based change detection identified disturbance within Prescribed Fire LANDFIRE Events Geodatabase polygon.
96,44569,9999,791,791,2019,Prescribed Fire,Medium,Low,Image-based change detection,LANDFIRE Events Geodatabase,dNBR (Std Dev Breaks),NA,"Prescribed Fire causality likely, but could be other causality type than assigned (Image-based change detection pixels within Prescribed Fire LANDFIRE Events Geodatabase 500 m buffer). "
97,170555,1,1121,1121,2019,Unknown,NA,Low,Image-based change detection,Protected Area Database GAP Status,dNBR (Std Dev Breaks),Burned Area Essential Climate Product,"Image-based change detection identified change (outside LANDFIRE Events Geodatabase 500m buffer, PAD GAP Status equals 1 or 2).  Burned Area Essential Climate Variable (BAECV) indicates burned condition (BAECV >=  95%)."
98,18417,1,1123,1123,2019,Unknown,NA,High,Image-based change detection,Protected Area Database GAP Status,dNBR (Std Dev Breaks),Burned Area Essential Climate Product,"Image-based change detection identified change (outside LANDFIRE Events Geodatabase 500m buffer, PAD GAP Status equals 1 or 2).  Burned Area Essential Climate Variable (BAECV) indicates burned condition (BAECV >=  95%)."
99,20871,1,1122,1122,2019,Unknown,NA,Medium,Image-based change detection,Protected Area Database GAP Status,dNBR (Std Dev Breaks),Burned Area Essential Climate Product,"Image-based change detection identified change (outside LANDFIRE Events Geodatabase 500m buffer, PAD GAP Status equals 1 or 2).  Burned Area Essential Climate Variable (BAECV) indicates burned condition (BAECV >=  95%)."
100,34917,1,961,961,2019,Other Mechanical,High,Low,LANDFIRE Events Geodatabase,dNBR (Std Dev Breaks),NA,NA,Other Mechanical LANDFIRE Events Geodatabase polygon. No change from Landsat image-based change detection or low confidence in severity assignment so default severity of low.
101,5795,1,791,791,2019,Prescribed Fire,Medium,Low,Image-based change detection,LANDFIRE Events Geodatabase,dNBR (Std Dev Breaks),NA,"Prescribed Fire causality likely, but could be other causality type than assigned (Image-based change detection pixels within Prescribed Fire LANDFIRE Events Geodatabase 500 m buffer). "
102,38998,1,492,492,2019,Prescribed Fire,High,Medium,LANDFIRE Events Geodatabase,Image-based change detection,dNBR (Std Dev Breaks),NA,Image-based change detection identified disturbance within Prescribed Fire LANDFIRE Events Geodatabase polygon.
103,39023,1,493,493,2019,Prescribed Fire,High,High,LANDFIRE Events Geodatabase,Image-based change detection,dNBR (Std Dev Breaks),NA,Image-based change detection identified disturbance within Prescribed Fire LANDFIRE Events Geodatabase polygon.
104,14426,1,941,941,2019,Thinning,High,Low,LANDFIRE Events Geodatabase,dNBR (Std Dev Breaks),NA,NA,Thinning LANDFIRE Events Geodatabase polygon. No change from Landsat image-based change detection or low confidence in severity assignment so default severity of low.
105,3183,1,441,441,2019,Thinning,High,Low,LANDFIRE Events Geodatabase,Image-based change detection,dNBR (Std Dev Breaks),NA,Image-based change detection identified disturbance within Thinning LANDFIRE Events Geodatabase polygon.
106,1715,1,442,442,2019,Thinning,High,Medium,LANDFIRE Events Geodatabase,Image-based change detection,dNBR (Std Dev Breaks),NA,Image-based change detection identified disturbance within Thinning LANDFIRE Events Geodatabase polygon.
107,360,1,741,741,2019,Thinning,Medium,Low,Image-based change detection,LANDFIRE Events Geodatabase,dNBR (Std Dev Breaks),NA,"Thinning causality likely, but could be other causality type than assigned (Image-based change detection pixels within Thinning LANDFIRE Events Geodatabase 500 m buffer). "
108,607,1,742,742,2019,Thinning,Medium,Medium,Image-based change detection,LANDFIRE Events Geodatabase,dNBR (Std Dev Breaks),NA,"Thinning causality likely, but could be other causality type than assigned (Image-based change detection pixels within Thinning LANDFIRE Events Geodatabase 500 m buffer). "
109,538,1,743,743,2019,Thinning,Medium,High,Image-based change detection,LANDFIRE Events Geodatabase,dNBR (Std Dev Breaks),NA,"Thinning causality likely, but could be other causality type than assigned (Image-based change detection pixels within Thinning LANDFIRE Events Geodatabase 500 m buffer). "
110,2193,1,443,443,2019,Thinning,High,High,LANDFIRE Events Geodatabase,Image-based change detection,dNBR (Std Dev Breaks),NA,Image-based change detection identified disturbance within Thinning LANDFIRE Events Geodatabase polygon.
111,121,1,731,731,2019,Harvest,Medium,Low,Image-based change detection,LANDFIRE Events Geodatabase,dNBR (Std Dev Breaks),NA,"Harvest causality likely, but could be other causality type than assigned (Image-based change detection pixels within Harvest LANDFIRE Events Geodatabase 500 m buffer). "
112,56,1,732,732,2019,Harvest,Medium,Medium,Image-based change detection,LANDFIRE Events Geodatabase,dNBR (Std Dev Breaks),NA,"Harvest causality likely, but could be other causality type than assigned (Image-based change detection pixels within Harvest LANDFIRE Events Geodatabase 500 m buffer). "
113,279,1,431,431,2019,Harvest,High,Low,LANDFIRE Events Geodatabase,Image-based change detection,dNBR (Std Dev Breaks),NA,Image-based change detection identified disturbance within Harvest LANDFIRE Events Geodatabase polygon.
114,295,1,432,432,2019,Harvest,High,Medium,LANDFIRE Events Geodatabase,Image-based change detection,dNBR (Std Dev Breaks),NA,Image-based change detection identified disturbance within Harvest LANDFIRE Events Geodatabase polygon.
115,6417,9999,732,732,2019,Harvest,Medium,Medium,Image-based change detection,LANDFIRE Events Geodatabase,dNBR (Std Dev Breaks),NA,"Harvest causality likely, but could be other causality type than assigned (Image-based change detection pixels within Harvest LANDFIRE Events Geodatabase 500 m buffer). "
116,6669,9999,733,733,2019,Harvest,Medium,High,Image-based change detection,LANDFIRE Events Geodatabase,dNBR (Std Dev Breaks),NA,"Harvest causality likely, but could be other causality type than assigned (Image-based change detection pixels within Harvest LANDFIRE Events Geodatabase 500 m buffer). "
117,4,1,733,733,2019,Harvest,Medium,High,Image-based change detection,LANDFIRE Events Geodatabase,dNBR (Std Dev Breaks),NA,"Harvest causality likely, but could be other causality type than assigned (Image-based change detection pixels within Harvest LANDFIRE Events Geodatabase 500 m buffer). "
118,24551,9999,1111,1111,2019,Unknown,NA,Low,Image-based change detection,Protected Area Database GAP Status,dNBR (Std Dev Breaks),Burned Area Essential Climate Product,"Image-based change detection identified change (outside LANDFIRE Events Geodatabase 500 m buffer, PAD GAP Status equals 0).  Burned Area Essential Climate Variable (BAECV) indicates burned condition (BAECV >=  95%)."
119,1369,9999,1112,1112,2019,Unknown,NA,Medium,Image-based change detection,Protected Area Database GAP Status,dNBR (Std Dev Breaks),Burned Area Essential Climate Product,"Image-based change detection identified change (outside LANDFIRE Events Geodatabase 500 m buffer, PAD GAP Status equals 0).  Burned Area Essential Climate Variable (BAECV) indicates burned condition (BAECV >=  95%)."
120,2201,9999,1113,1113,2019,Unknown,NA,High,Image-based change detection,Protected Area Database GAP Status,dNBR (Std Dev Breaks),Burned Area Essential Climate Product,"Image-based change detection identified change (outside LANDFIRE Events Geodatabase 500 m buffer, PAD GAP Status equals 0).  Burned Area Essential Climate Variable (BAECV) indicates burned condition (BAECV >=  95%)."
121,56163,1,1103,1103,2019,Unknown,NA,High,Image-based change detection,Protected Area Database GAP Status,dNBR (Std Dev Breaks),NA,"Image-based change detection identified change (outside LANDFIRE Events Geodatabase 500 m buffer, PAD GAP Status equals 0)."
122,270,1,931,931,2019,Harvest,High,Low,LANDFIRE Events Geodatabase,dNBR (Std Dev Breaks),NA,NA,Harvest LANDFIRE Events Geodatabase polygon. No change from Landsat image-based change detection or low confidence in severity assignment so default severity of low.
123,467,1,433,433,2019,Harvest,High,High,LANDFIRE Events Geodatabase,Image-based change detection,dNBR (Std Dev Breaks),NA,Image-based change detection identified disturbance within Harvest LANDFIRE Events Geodatabase polygon.
124,1649,1,462,462,2019,Other Mechanical,High,Medium,LANDFIRE Events Geodatabase,Image-based change detection,dNBR (Std Dev Breaks),NA,Image-based change detection identified disturbance within Other Mechanical LANDFIRE Events Geodatabase polygon.
125,2449,1,461,461,2019,Other Mechanical,High,Low,LANDFIRE Events Geodatabase,Image-based change detection,dNBR (Std Dev Breaks),NA,Image-based change detection identified disturbance within Other Mechanical LANDFIRE Events Geodatabase polygon.
126,7468,1,463,463,2019,Other Mechanical,High,High,LANDFIRE Events Geodatabase,Image-based change detection,dNBR (Std Dev Breaks),NA,Image-based change detection identified disturbance within Other Mechanical LANDFIRE Events Geodatabase polygon.
127,296721,9999,1031,1031,2019,Chemical,Medium,Low,LANDFIRE Events Geodatabase,dNBR (Std Dev Breaks),NA,NA,Chemical LANDFIRE Events Geodatabase polygon. No change from Landsat image-based change detection or low confidence in severity assignment so default severity of low.
128,2060,9999,831,831,2019,Chemical,Low,Low,Image-based change detection,LANDFIRE Events Geodatabase,dNBR (Std Dev Breaks),NA,"Chemical causality likely, but could be other causality type than assigned (Image-based change detection pixels within Chemical LANDFIRE Events Geodatabase 500 m buffer). "
129,869,9999,833,833,2019,Chemical,Low,High,Image-based change detection,LANDFIRE Events Geodatabase,dNBR (Std Dev Breaks),NA,"Chemical causality likely, but could be other causality type than assigned (Image-based change detection pixels within Chemical LANDFIRE Events Geodatabase 500 m buffer). "
130,732,9999,832,832,2019,Chemical,Low,Medium,Image-based change detection,LANDFIRE Events Geodatabase,dNBR (Std Dev Breaks),NA,"Chemical causality likely, but could be other causality type than assigned (Image-based change detection pixels within Chemical LANDFIRE Events Geodatabase 500 m buffer). "
131,18894,9999,531,531,2019,Chemical,Medium,Low,LANDFIRE Events Geodatabase,Image-based change detection,dNBR (Std Dev Breaks),NA,Image-based change detection identified disturbance within Chemical LANDFIRE Events Geodatabase polygon.
132,1935,9999,532,532,2019,Chemical,Medium,Medium,LANDFIRE Events Geodatabase,Image-based change detection,dNBR (Std Dev Breaks),NA,Image-based change detection identified disturbance within Chemical LANDFIRE Events Geodatabase polygon.
133,482,1,1031,1031,2019,Chemical,Medium,Low,LANDFIRE Events Geodatabase,dNBR (Std Dev Breaks),NA,NA,Chemical LANDFIRE Events Geodatabase polygon. No change from Landsat image-based change detection or low confidence in severity assignment so default severity of low.
134,1192,1,792,792,2019,Prescribed Fire,Medium,Medium,Image-based change detection,LANDFIRE Events Geodatabase,dNBR (Std Dev Breaks),NA,"Prescribed Fire causality likely, but could be other causality type than assigned (Image-based change detection pixels within Prescribed Fire LANDFIRE Events Geodatabase 500 m buffer). "
135,1562,1,793,793,2019,Prescribed Fire,Medium,High,Image-based change detection,LANDFIRE Events Geodatabase,dNBR (Std Dev Breaks),NA,"Prescribed Fire causality likely, but could be other causality type than assigned (Image-based change detection pixels within Prescribed Fire LANDFIRE Events Geodatabase 500 m buffer). "
136,171356,9999,921,921,2019,Clearcut,High,Low,LANDFIRE Events Geodatabase,dNBR (Std Dev Breaks),NA,NA,Clearcut LANDFIRE Events Geodatabase polygon. No change from Landsat image-based change detection or low confidence in severity assignment so default severity of low.
137,28294,9999,421,421,2019,Clearcut,High,Low,LANDFIRE Events Geodatabase,Image-based change detection,dNBR (Std Dev Breaks),NA,Image-based change detection identified disturbance within Clearcut LANDFIRE Events Geodatabase polygon.
138,16820,9999,422,422,2019,Clearcut,High,Medium,LANDFIRE Events Geodatabase,Image-based change detection,dNBR (Std Dev Breaks),NA,Image-based change detection identified disturbance within Clearcut LANDFIRE Events Geodatabase polygon.
139,26449,9999,423,423,2019,Clearcut,High,High,LANDFIRE Events Geodatabase,Image-based change detection,dNBR (Std Dev Breaks),NA,Image-based change detection identified disturbance within Clearcut LANDFIRE Events Geodatabase polygon.
140,24069,1,1102,1102,2019,Unknown,NA,Medium,Image-based change detection,Protected Area Database GAP Status,dNBR (Std Dev Breaks),NA,"Image-based change detection identified change (outside LANDFIRE Events Geodatabase 500 m buffer, PAD GAP Status equals 0)."
141,1709237,9999,1071,1071,2019,Herbicide,Medium,Low,LANDFIRE Events Geodatabase,dNBR (Std Dev Breaks),NA,NA,Herbicide LANDFIRE Events Geodatabase polygon. No change from Landsat image-based change detection or low confidence in severity assignment so default severity of low.
142,13532,9999,871,871,2019,Herbicide,Low,Low,Image-based change detection,LANDFIRE Events Geodatabase,dNBR (Std Dev Breaks),NA,"Herbicide causality likely, but could be other causality type than assigned (Image-based change detection pixels within Herbicide LANDFIRE Events Geodatabase 500 m buffer). "
143,2952,9999,872,872,2019,Herbicide,Low,Medium,Image-based change detection,LANDFIRE Events Geodatabase,dNBR (Std Dev Breaks),NA,"Herbicide causality likely, but could be other causality type than assigned (Image-based change detection pixels within Herbicide LANDFIRE Events Geodatabase 500 m buffer). "
144,3219,9999,873,873,2019,Herbicide,Low,High,Image-based change detection,LANDFIRE Events Geodatabase,dNBR (Std Dev Breaks),NA,"Herbicide causality likely, but could be other causality type than assigned (Image-based change detection pixels within Herbicide LANDFIRE Events Geodatabase 500 m buffer). "
145,5482,9999,572,572,2019,Herbicide,Medium,Medium,LANDFIRE Events Geodatabase,Image-based change detection,dNBR (Std Dev Breaks),NA,Image-based change detection identified disturbance within Herbicide LANDFIRE Events Geodatabase polygon.
146,30981,9999,571,571,2019,Herbicide,Medium,Low,LANDFIRE Events Geodatabase,Image-based change detection,dNBR (Std Dev Breaks),NA,Image-based change detection identified disturbance within Herbicide LANDFIRE Events Geodatabase polygon.
147,1967,1,773,773,2019,Wildfire,Medium,High,Image-based change detection,LANDFIRE Events Geodatabase,dNBR (Std Dev Breaks),NA,"Wildfire causality likely, but could be other causality type than assigned (Image-based change detection pixels within Wildfire LANDFIRE Events Geodatabase 500 m buffer). "
148,975729,9999,951,951,2019,Mastication,High,Low,LANDFIRE Events Geodatabase,dNBR (Std Dev Breaks),NA,NA,Mastication LANDFIRE Events Geodatabase polygon. No change from Landsat image-based change detection or low confidence in severity assignment so default severity of low.
149,4776665,9999,12,12,2019,Fire,High,Low,MTBS,NA,NA,NA,MTBS mapped fire.
150,136576,9999,13,13,2019,Fire,High,Medium,MTBS,NA,NA,NA,MTBS mapped fire.
151,9164073,1,12,12,2019,Fire,High,Low,MTBS,NA,NA,NA,MTBS mapped fire.
152,1010576,1,13,13,2019,Fire,High,Medium,MTBS,NA,NA,NA,MTBS mapped fire.
153,1680796,9999,11,11,2019,Fire,High,Unburned/Low,MTBS,NA,NA,NA,MTBS mapped fire.
154,277065,1,11,11,2019,Fire,High,Unburned/Low,MTBS,NA,NA,NA,MTBS mapped fire.
155,41674,9999,15,15,2019,Fire,High,Increased Green,MTBS,NA,NA,NA,MTBS mapped fire.
156,216724,1,14,14,2019,Fire,High,High,MTBS,NA,NA,NA,MTBS mapped fire.
157,26017,9999,14,14,2019,Fire,High,High,MTBS,NA,NA,NA,MTBS mapped fire.
158,43349,9999,16,16,2019,Water,High,NA,LANDFIRE Water Mask,NA,NA,NA,Water body or other non-mappable land cover type.
159,2182,1,16,16,2019,Water,High,NA,LANDFIRE Water Mask,NA,NA,NA,Water body or other non-mappable land cover type.
160,8586,1,15,15,2019,Fire,High,Increased Green,MTBS,NA,NA,NA,MTBS mapped fire.
161,26239,1,112,112,2019,Fire,High,Low,Decision Tree Modeled,MTBS,NA,NA,MTBS gap (value = 6) filled with See5 classified output.
162,2118,1,113,113,2019,Fire,High,Medium,Decision Tree Modeled,MTBS,NA,NA,MTBS gap (value = 6) filled with See5 classified output.
163,423,1,114,114,2019,Fire,High,High,Decision Tree Modeled,MTBS,NA,NA,MTBS gap (value = 6) filled with See5 classified output.
164,13745,9999,771,771,2019,Wildfire,Medium,Low,Image-based change detection,LANDFIRE Events Geodatabase,dNBR (Std Dev Breaks),NA,"Wildfire causality likely, (although other but could be other causality type than assigned (Image-based change detection pixels within Wildfire LANDFIRE Events Geodatabase 500 m buffer). "
165,1991,1,771,771,2019,Wildfire,Medium,Low,Image-based change detection,LANDFIRE Events Geodatabase,dNBR (Std Dev Breaks),NA,"Wildfire causality likely, (although other but could be other causality type than assigned (Image-based change detection pixels within Wildfire LANDFIRE Events Geodatabase 500 m buffer). "
166,5080,9999,501,501,2019,Wildland Fire,High,Low,LANDFIRE Events Geodatabase,Image-based change detection,dNBR (Std Dev Breaks),NA,Image-based change detection identified disturbance within Wildland Fire LANDFIRE Events Geodatabase polygon.
167,4838,9999,801,801,2019,Wildland Fire,Medium,Low,Image-based change detection,LANDFIRE Events Geodatabase,dNBR (Std Dev Breaks),NA,"Wildland Fire causality likely, but could be other causality type than assigned (Image-based change detection pixels within Wildland Fire LANDFIRE Events Geodatabase 500 m buffer). "
168,50574,9999,451,451,2019,Mastication,High,Low,LANDFIRE Events Geodatabase,Image-based change detection,dNBR (Std Dev Breaks),NA,Image-based change detection identified disturbance within Mastication LANDFIRE Events Geodatabase polygon.
169,5378,9999,452,452,2019,Mastication,High,Medium,LANDFIRE Events Geodatabase,Image-based change detection,dNBR (Std Dev Breaks),NA,Image-based change detection identified disturbance within Mastication LANDFIRE Events Geodatabase polygon.
170,8078,9999,751,751,2019,Mastication,Medium,Low,Image-based change detection,LANDFIRE Events Geodatabase,dNBR (Std Dev Breaks),NA,"Mastication causality likely, but could be other causality type than assigned (Image-based change detection pixels within Mastication LANDFIRE Events Geodatabase 500 m buffer). "
171,2299,9999,752,752,2019,Mastication,Medium,Medium,Image-based change detection,LANDFIRE Events Geodatabase,dNBR (Std Dev Breaks),NA,"Mastication causality likely, but could be other causality type than assigned (Image-based change detection pixels within Mastication LANDFIRE Events Geodatabase 500 m buffer). "
172,2640,9999,453,453,2019,Mastication,High,High,LANDFIRE Events Geodatabase,Image-based change detection,dNBR (Std Dev Breaks),NA,Image-based change detection identified disturbance within Mastication LANDFIRE Events Geodatabase polygon.
173,3478,9999,753,753,2019,Mastication,Medium,High,Image-based change detection,LANDFIRE Events Geodatabase,dNBR (Std Dev Breaks),NA,"Mastication causality likely, but could be other causality type than assigned (Image-based change detection pixels within Mastication LANDFIRE Events Geodatabase 500 m buffer). "
174,1300,9999,533,533,2019,Chemical,Medium,High,LANDFIRE Events Geodatabase,Image-based change detection,dNBR (Std Dev Breaks),NA,Image-based change detection identified disturbance within Chemical LANDFIRE Events Geodatabase polygon.
175,9425,9999,721,721,2019,Clearcut,Medium,Low,Image-based change detection,LANDFIRE Events Geodatabase,dNBR (Std Dev Breaks),NA,"Clearcut causality likely, but could be other causality type than assigned (Image-based change detection pixels within Clearcut LANDFIRE Events Geodatabase 500 m buffer). "
176,2924,9999,722,722,2019,Clearcut,Medium,Medium,Image-based change detection,LANDFIRE Events Geodatabase,dNBR (Std Dev Breaks),NA,"Clearcut causality likely, but could be other causality type than assigned (Image-based change detection pixels within Clearcut LANDFIRE Events Geodatabase 500 m buffer). "
177,159,1,762,762,2019,Other Mechanical,Medium,Medium,Image-based change detection,LANDFIRE Events Geodatabase,dNBR (Std Dev Breaks),NA,"Other Mechanical causality likely, but could be other causality type than assigned (Image-based change detection pixels within Development LANDFIRE Events Geodatabase 500 m buffer). "
178,4425,9999,723,723,2019,Clearcut,Medium,High,Image-based change detection,LANDFIRE Events Geodatabase,dNBR (Std Dev Breaks),NA,"Clearcut causality likely, but could be other causality type than assigned (Image-based change detection pixels within Clearcut LANDFIRE Events Geodatabase 500 m buffer). "
179,526,1,1051,1051,2019,Disease,Medium,Low,LANDFIRE Events Geodatabase,dNBR (Std Dev Breaks),NA,NA,Disease LANDFIRE Events Geodatabase polygon. No change from Landsat image-based change detection or low confidence in severity assignment so default severity of low.
180,732,1,761,761,2019,Other Mechanical,Medium,Low,Image-based change detection,LANDFIRE Events Geodatabase,dNBR (Std Dev Breaks),NA,"Other Mechanical causality likely, but could be other causality type than assigned (Image-based change detection pixels within Development LANDFIRE Events Geodatabase 500 m buffer). "
181,204,1,1061,1061,2019,Insects/Disease,Medium,Low,LANDFIRE Events Geodatabase,dNBR (Std Dev Breaks),NA,NA,Insects/Disease LANDFIRE Events Geodatabase polygon. No change from Landsat image-based change detection or low confidence in severity assignment so default severity of low.
182,9315,9999,561,561,2019,Insects/Disease,Medium,Low,LANDFIRE Events Geodatabase,Image-based change detection,dNBR (Std Dev Breaks),NA,Image-based change detection identified disturbance within Insect/Disease LANDFIRE Events Geodatabase polygon.
183,92949,9999,31,31,2019,Fire,High,Unburned/Low,RAVG,NA,NA,NA,RAVG mapped fire.
184,3893,1,31,31,2019,Fire,High,Unburned/Low,RAVG,NA,NA,NA,RAVG mapped fire.
185,61950,9999,112,112,2019,Fire,High,Low,Decision Tree Modeled,MTBS,NA,NA,MTBS gap (value = 6) filled with See5 classified output.
186,20104,9999,111,111,2019,Fire,High,Unburned/Low,Decision Tree Modeled,MTBS,NA,NA,MTBS gap (value = 6) filled with See5 classified output.
187,6250,1,1071,1071,2019,Herbicide,Medium,Low,LANDFIRE Events Geodatabase,dNBR (Std Dev Breaks),NA,NA,Herbicide LANDFIRE Events Geodatabase polygon. No change from Landsat image-based change detection or low confidence in severity assignment so default severity of low.
188,158,1,32,32,2019,Fire,High,Low,RAVG,NA,NA,NA,RAVG mapped fire.
189,8,1,571,571,2019,Herbicide,Medium,Low,LANDFIRE Events Geodatabase,Image-based change detection,dNBR (Std Dev Breaks),NA,Image-based change detection identified disturbance within Herbicide LANDFIRE Events Geodatabase polygon.
190,106175,1,1001,1001,2019,Wildland Fire,High,Low,LANDFIRE Events Geodatabase,dNBR (Std Dev Breaks),NA,NA,Wildland Fire LANDFIRE Events Geodatabase polygon. No change from Landsat image-based change detection or low confidence in severity assignment so default severity of low.
191,11831,1,501,501,2019,Wildland Fire,High,Low,LANDFIRE Events Geodatabase,Image-based change detection,dNBR (Std Dev Breaks),NA,Image-based change detection identified disturbance within Wildland Fire LANDFIRE Events Geodatabase polygon.
192,1613,1,111,111,2019,Fire,High,Unburned/Low,Decision Tree Modeled,MTBS,NA,NA,MTBS gap (value = 6) filled with See5 classified output.
193,654,1,772,772,2019,Wildfire,Medium,Medium,Image-based change detection,LANDFIRE Events Geodatabase,dNBR (Std Dev Breaks),NA,"Wildfire causality likely, but could be other causality type than assigned (Image-based change detection pixels within Wildfire LANDFIRE Events Geodatabase 500 m buffer). "
194,1174,9999,553,553,2019,Disease,Medium,High,LANDFIRE Events Geodatabase,Image-based change detection,dNBR (Std Dev Breaks),NA,Image-based change detection identified disturbance within Disease LANDFIRE Events Geodatabase polygon.
195,7513,1,502,502,2019,Wildland Fire,High,Medium,LANDFIRE Events Geodatabase,Image-based change detection,dNBR (Std Dev Breaks),NA,Image-based change detection identified disturbance within Wildland Fire LANDFIRE Events Geodatabase polygon.
196,1940,9999,502,502,2019,Wildland Fire,High,Medium,LANDFIRE Events Geodatabase,Image-based change detection,dNBR (Std Dev Breaks),NA,Image-based change detection identified disturbance within Wildland Fire LANDFIRE Events Geodatabase polygon.
197,3006,9999,503,503,2019,Wildland Fire,High,High,LANDFIRE Events Geodatabase,Image-based change detection,dNBR (Std Dev Breaks),NA,Image-based change detection identified disturbance within Wildland Fire LANDFIRE Events Geodatabase polygon.
198,17428,1,503,503,2019,Wildland Fire,High,High,LANDFIRE Events Geodatabase,Image-based change detection,dNBR (Std Dev Breaks),NA,Image-based change detection identified disturbance within Wildland Fire LANDFIRE Events Geodatabase polygon.
199,17,1,871,871,2019,Herbicide,Low,Low,Image-based change detection,LANDFIRE Events Geodatabase,dNBR (Std Dev Breaks),NA,"Herbicide causality likely, but could be other causality type than assigned (Image-based change detection pixels within Herbicide LANDFIRE Events Geodatabase 500 m buffer). "
200,37246,9999,1081,1081,2019,Biological,Medium,Low,LANDFIRE Events Geodatabase,dNBR (Std Dev Breaks),NA,NA,Biological LANDFIRE Events Geodatabase polygon. No change from Landsat image-based change detection or low confidence in severity assignment so default severity of low.
201,1104,9999,113,113,2019,Fire,High,Medium,Decision Tree Modeled,MTBS,NA,NA,MTBS gap (value = 6) filled with See5 classified output.
202,199,9999,114,114,2019,Fire,High,High,Decision Tree Modeled,MTBS,NA,NA,MTBS gap (value = 6) filled with See5 classified output.
203,1562,9999,32,32,2019,Fire,High,Low,RAVG,NA,NA,NA,RAVG mapped fire.
204,128,1,33,33,2019,Fire,High,Medium,RAVG,NA,NA,NA,RAVG mapped fire.
205,672,9999,33,33,2019,Fire,High,Medium,RAVG,NA,NA,NA,RAVG mapped fire.
206,861,9999,34,34,2019,Fire,High,High,RAVG,NA,NA,NA,RAVG mapped fire.
207,229,1,34,34,2019,Fire,High,High,RAVG,NA,NA,NA,RAVG mapped fire.
208,6612,1,951,951,2019,Mastication,High,Low,LANDFIRE Events Geodatabase,dNBR (Std Dev Breaks),NA,NA,Mastication LANDFIRE Events Geodatabase polygon. No change from Landsat image-based change detection or low confidence in severity assignment so default severity of low.
209,320,1,751,751,2019,Mastication,Medium,Low,Image-based change detection,LANDFIRE Events Geodatabase,dNBR (Std Dev Breaks),NA,"Mastication causality likely, but could be other causality type than assigned (Image-based change detection pixels within Mastication LANDFIRE Events Geodatabase 500 m buffer). "
210,41,1,752,752,2019,Mastication,Medium,Medium,Image-based change detection,LANDFIRE Events Geodatabase,dNBR (Std Dev Breaks),NA,"Mastication causality likely, but could be other causality type than assigned (Image-based change detection pixels within Mastication LANDFIRE Events Geodatabase 500 m buffer). "
211,70,1,753,753,2019,Mastication,Medium,High,Image-based change detection,LANDFIRE Events Geodatabase,dNBR (Std Dev Breaks),NA,"Mastication causality likely, but could be other causality type than assigned (Image-based change detection pixels within Mastication LANDFIRE Events Geodatabase 500 m buffer). "
212,1221,1,801,801,2019,Wildland Fire,Medium,Low,Image-based change detection,LANDFIRE Events Geodatabase,dNBR (Std Dev Breaks),NA,"Wildland Fire causality likely, but could be other causality type than assigned (Image-based change detection pixels within Wildland Fire LANDFIRE Events Geodatabase 500 m buffer). "
213,603,1,451,451,2019,Mastication,High,Low,LANDFIRE Events Geodatabase,Image-based change detection,dNBR (Std Dev Breaks),NA,Image-based change detection identified disturbance within Mastication LANDFIRE Events Geodatabase polygon.
214,3517,9999,573,573,2019,Herbicide,Medium,High,LANDFIRE Events Geodatabase,Image-based change detection,dNBR (Std Dev Breaks),NA,Image-based change detection identified disturbance within Herbicide LANDFIRE Events Geodatabase polygon.
215,73,1,803,803,2019,Wildland Fire,Medium,High,Image-based change detection,LANDFIRE Events Geodatabase,dNBR (Std Dev Breaks),NA,"Wildland Fire causality likely, but could be other causality type than assigned (Image-based change detection pixels within Wildland Fire LANDFIRE Events Geodatabase 500 m buffer). "
216,106,1,802,802,2019,Wildland Fire,Medium,Medium,Image-based change detection,LANDFIRE Events Geodatabase,dNBR (Std Dev Breaks),NA,"Wildland Fire causality likely, but could be other causality type than assigned (Image-based change detection pixels within Wildland Fire LANDFIRE Events Geodatabase 500 m buffer). "
217,80,1,841,841,2019,Insects,Low,Low,Image-based change detection,LANDFIRE Events Geodatabase,dNBR (Std Dev Breaks),NA,"Insects causality likely, but could be other causality type than assigned (Image-based change detection pixels within Insects LANDFIRE Events Geodatabase 500 m buffer). "
218,80,1,842,842,2019,Insects,Low,Medium,Image-based change detection,LANDFIRE Events Geodatabase,dNBR (Std Dev Breaks),NA,"Insects causality likely, but could be other causality type than assigned (Image-based change detection pixels within Insects LANDFIRE Events Geodatabase 500 m buffer). "
219,265,9999,803,803,2019,Wildland Fire,Medium,High,Image-based change detection,LANDFIRE Events Geodatabase,dNBR (Std Dev Breaks),NA,"Wildland Fire causality likely, but could be other causality type than assigned (Image-based change detection pixels within Wildland Fire LANDFIRE Events Geodatabase 500 m buffer). "
220,45303,9999,981,981,2019,Wildland Fire Use,High,Low,LANDFIRE Events Geodatabase,dNBR (Std Dev Breaks),NA,NA,Wildland Fire Use LANDFIRE Events Geodatabase polygon. No change from Landsat image-based change detection or low confidence in severity assignment so default severity of low.
221,5825,1,601,601,2019,Unknown,NA,Low,Image-based change detection,Protected Area Database GAP Status,dNBR (Std Dev Breaks),NA,"Image-based change detection identified disturbance.  Anthropogenic causality not expected (outside LANDFIRE Events Geodatabase 500m buffer, PAD GAP Status equals 1 or 2)."
222,1239,9999,911,911,2019,Development,High,Low,LANDFIRE Events Geodatabase,dNBR (Std Dev Breaks),NA,NA,Development LANDFIRE Events Geodatabase polygon. No change from Landsat image-based change detection or low confidence in severity assignment so default severity of low.
223,40,9999,412,412,2019,Development,High,Medium,LANDFIRE Events Geodatabase,Image-based change detection,dNBR (Std Dev Breaks),NA,Image-based change detection identified disturbance within Development LANDFIRE Events Geodatabase polygon.
224,132,9999,413,413,2019,Development,High,High,LANDFIRE Events Geodatabase,Image-based change detection,dNBR (Std Dev Breaks),NA,Image-based change detection identified disturbance within Development LANDFIRE Events Geodatabase polygon.
225,75,9999,411,411,2019,Development,High,Low,LANDFIRE Events Geodatabase,Image-based change detection,dNBR (Std Dev Breaks),NA,Image-based change detection identified disturbance within Development LANDFIRE Events Geodatabase polygon.
226,51,1,543,543,2019,Insects,Medium,High,LANDFIRE Events Geodatabase,Image-based change detection,dNBR (Std Dev Breaks),NA,Image-based change detection identified disturbance within Insects LANDFIRE Events Geodatabase polygon.
227,38,1,542,542,2019,Insects,Medium,Medium,LANDFIRE Events Geodatabase,Image-based change detection,dNBR (Std Dev Breaks),NA,Image-based change detection identified disturbance within Insects LANDFIRE Events Geodatabase polygon.
228,129,1,541,541,2019,Insects,Medium,Low,LANDFIRE Events Geodatabase,Image-based change detection,dNBR (Std Dev Breaks),NA,Image-based change detection identified disturbance within Insects LANDFIRE Events Geodatabase polygon.
229,686,9999,802,802,2019,Wildland Fire,Medium,Medium,Image-based change detection,LANDFIRE Events Geodatabase,dNBR (Std Dev Breaks),NA,"Wildland Fire causality likely, but could be other causality type than assigned (Image-based change detection pixels within Wildland Fire LANDFIRE Events Geodatabase 500 m buffer). "
230,417,9999,231,231,2019,Fire,High,Unburned/Low,Focal Majority,RAVG,NA,NA,RAVG gap (value = 9) filled with 13x13 focal majority matrix.
231,135,1,763,763,2019,Other Mechanical,Medium,High,Image-based change detection,LANDFIRE Events Geodatabase,dNBR (Std Dev Breaks),NA,"Other Mechanical causality likely, but could be other causality type than assigned (Image-based change detection pixels within Development LANDFIRE Events Geodatabase 500 m buffer). "
232,139,1,843,843,2019,Insects,Low,High,Image-based change detection,LANDFIRE Events Geodatabase,dNBR (Std Dev Breaks),NA,"Insects causality likely, but could be other causality type than assigned (Image-based change detection pixels within Insects LANDFIRE Events Geodatabase 500 m buffer). "
233,14,1,231,231,2019,Fire,High,Unburned/Low,Focal Majority,RAVG,NA,NA,RAVG gap (value = 9) filled with 13x13 focal majority matrix.
234,4,1,572,572,2019,Herbicide,Medium,Medium,LANDFIRE Events Geodatabase,Image-based change detection,dNBR (Std Dev Breaks),NA,Image-based change detection identified disturbance within Herbicide LANDFIRE Events Geodatabase polygon.
235,286,1,921,921,2019,Clearcut,High,Low,LANDFIRE Events Geodatabase,dNBR (Std Dev Breaks),NA,NA,Clearcut LANDFIRE Events Geodatabase polygon. No change from Landsat image-based change detection or low confidence in severity assignment so default severity of low.
236,2,1,573,573,2019,Herbicide,Medium,High,LANDFIRE Events Geodatabase,Image-based change detection,dNBR (Std Dev Breaks),NA,Image-based change detection identified disturbance within Herbicide LANDFIRE Events Geodatabase polygon.
237,190,1,452,452,2019,Mastication,High,Medium,LANDFIRE Events Geodatabase,Image-based change detection,dNBR (Std Dev Breaks),NA,Image-based change detection identified disturbance within Mastication LANDFIRE Events Geodatabase polygon.
238,8131,9999,811,811,2019,Weather,Low,Low,Image-based change detection,LANDFIRE Events Geodatabase,dNBR (Std Dev Breaks),NA,"Weather causality likely, but could be other causality type than assigned (Image-based change detection pixels within Weather LANDFIRE Events Geodatabase 500 m buffer). "
239,3556,9999,812,812,2019,Weather,Low,Medium,Image-based change detection,LANDFIRE Events Geodatabase,dNBR (Std Dev Breaks),NA,"Weather causality likely, but could be other causality type than assigned (Image-based change detection pixels within Weather LANDFIRE Events Geodatabase 500 m buffer). "
240,1628,9999,813,813,2019,Weather,Low,High,Image-based change detection,LANDFIRE Events Geodatabase,dNBR (Std Dev Breaks),NA,"Weather causality likely, but could be other causality type than assigned (Image-based change detection pixels within Weather LANDFIRE Events Geodatabase 500 m buffer). "
241,21670,9999,513,513,2019,Weather,Medium,High,LANDFIRE Events Geodatabase,Image-based change detection,dNBR (Std Dev Breaks),NA,Image-based change detection identified disturbance within Weather LANDFIRE Events Geodatabase polygon.
242,42036,9999,512,512,2019,Weather,Medium,Medium,LANDFIRE Events Geodatabase,Image-based change detection,dNBR (Std Dev Breaks),NA,Image-based change detection identified disturbance within Weather LANDFIRE Events Geodatabase polygon.
243,46543,9999,511,511,2019,Weather,Medium,Low,LANDFIRE Events Geodatabase,Image-based change detection,dNBR (Std Dev Breaks),NA,Image-based change detection identified disturbance within Weather LANDFIRE Events Geodatabase polygon.
244,1205573,9999,1011,1011,2019,Weather,Medium,Low,LANDFIRE Events Geodatabase,dNBR (Std Dev Breaks),NA,NA,Weather LANDFIRE Events Geodatabase polygon. No change from Landsat image-based change detection or low confidence in severity assignment so default severity of low.
245,478,9999,115,115,2019,Fire,High,Increased Green,Decision Tree Modeled,MTBS,NA,NA,MTBS gap (value = 6) filled with See5 classified output.
246,48,1,453,453,2019,Mastication,High,High,LANDFIRE Events Geodatabase,Image-based change detection,dNBR (Std Dev Breaks),NA,Image-based change detection identified disturbance within Mastication LANDFIRE Events Geodatabase polygon.
247,452,1,1011,1011,2019,Weather,Medium,Low,LANDFIRE Events Geodatabase,dNBR (Std Dev Breaks),NA,NA,Weather LANDFIRE Events Geodatabase polygon. No change from Landsat image-based change detection or low confidence in severity assignment so default severity of low.
248,1,1,511,511,2019,Weather,Medium,Low,LANDFIRE Events Geodatabase,Image-based change detection,dNBR (Std Dev Breaks),NA,Image-based change detection identified disturbance within Weather LANDFIRE Events Geodatabase polygon.
249,15,9999,711,711,2019,Development,Medium,Low,Image-based change detection,LANDFIRE Events Geodatabase,dNBR (Std Dev Breaks),NA,"Development causality likely, but could be other causality type than assigned (Image-based change detection pixels within Development LANDFIRE Events Geodatabase 500 m buffer). "
250,11,1,872,872,2019,Herbicide,Low,Medium,Image-based change detection,LANDFIRE Events Geodatabase,dNBR (Std Dev Breaks),NA,"Herbicide causality likely, but could be other causality type than assigned (Image-based change detection pixels within Herbicide LANDFIRE Events Geodatabase 500 m buffer). "
251,1,1,873,873,2019,Herbicide,Low,High,Image-based change detection,LANDFIRE Events Geodatabase,dNBR (Std Dev Breaks),NA,"Herbicide causality likely, but could be other causality type than assigned (Image-based change detection pixels within Herbicide LANDFIRE Events Geodatabase 500 m buffer). "
252,3060,9999,1121,1121,2019,Unknown,NA,Low,Image-based change detection,Protected Area Database GAP Status,dNBR (Std Dev Breaks),Burned Area Essential Climate Product,"Image-based change detection identified change (outside LANDFIRE Events Geodatabase 500m buffer, PAD GAP Status equals 1 or 2).  Burned Area Essential Climate Variable (BAECV) indicates burned condition (BAECV >=  95%)."
253,28,1,561,561,2019,Insects/Disease,Medium,Low,LANDFIRE Events Geodatabase,Image-based change detection,dNBR (Std Dev Breaks),NA,Image-based change detection identified disturbance within Insect/Disease LANDFIRE Events Geodatabase polygon.
254,7,1,562,562,2019,Insects/Disease,Medium,Medium,LANDFIRE Events Geodatabase,Image-based change detection,dNBR (Std Dev Breaks),NA,Image-based change detection identified disturbance within Insect/Disease LANDFIRE Events Geodatabase polygon.
255,6,1,851,851,2019,Disease,Low,Low,Image-based change detection,LANDFIRE Events Geodatabase,dNBR (Std Dev Breaks),NA,"Disease causality likely, but could be other causality type than assigned (Image-based change detection pixels within Disease LANDFIRE Events Geodatabase 500 m buffer). "
256,14,1,852,852,2019,Disease,Low,Medium,Image-based change detection,LANDFIRE Events Geodatabase,dNBR (Std Dev Breaks),NA,"Disease causality likely, but could be other causality type than assigned (Image-based change detection pixels within Disease LANDFIRE Events Geodatabase 500 m buffer). "
257,137,1,853,853,2019,Disease,Low,High,Image-based change detection,LANDFIRE Events Geodatabase,dNBR (Std Dev Breaks),NA,"Disease causality likely, but could be other causality type than assigned (Image-based change detection pixels within Disease LANDFIRE Events Geodatabase 500 m buffer). "
258,886,1,603,603,2019,Unknown,NA,High,Image-based change detection,Protected Area Database GAP Status,dNBR (Std Dev Breaks),NA,"Image-based change detection identified disturbance.  Anthropogenic causality not expected (outside LANDFIRE Events Geodatabase 500m buffer, PAD GAP Status equals 1 or 2)."
259,1,9999,581,581,2019,Biological,Medium,Low,LANDFIRE Events Geodatabase,Image-based change detection,dNBR (Std Dev Breaks),NA,Image-based change detection identified disturbance within Biological LANDFIRE Events Geodatabase polygon.
260,33,1,553,553,2019,Disease,Medium,High,LANDFIRE Events Geodatabase,Image-based change detection,dNBR (Std Dev Breaks),NA,Image-based change detection identified disturbance within Disease LANDFIRE Events Geodatabase polygon.
261,1,1,552,552,2019,Disease,Medium,Medium,LANDFIRE Events Geodatabase,Image-based change detection,dNBR (Std Dev Breaks),NA,Image-based change detection identified disturbance within Disease LANDFIRE Events Geodatabase polygon.
262,12,9999,712,712,2019,Development,Medium,Medium,Image-based change detection,LANDFIRE Events Geodatabase,dNBR (Std Dev Breaks),NA,"Development causality likely, but could be other causality type than assigned (Image-based change detection pixels within Development LANDFIRE Events Geodatabase 500 m buffer). "
263,15,9999,713,713,2019,Development,Medium,High,Image-based change detection,LANDFIRE Events Geodatabase,dNBR (Std Dev Breaks),NA,"Development causality likely, but could be other causality type than assigned (Image-based change detection pixels within Development LANDFIRE Events Geodatabase 500 m buffer). "
264,43,1,115,115,2019,Fire,High,Increased Green,Decision Tree Modeled,MTBS,NA,NA,MTBS gap (value = 6) filled with See5 classified output.
265,2109,1,981,981,2019,Wildland Fire Use,High,Low,LANDFIRE Events Geodatabase,dNBR (Std Dev Breaks),NA,NA,Wildland Fire Use LANDFIRE Events Geodatabase polygon. No change from Landsat image-based change detection or low confidence in severity assignment so default severity of low.
266,1603,1,483,483,2019,Wildland Fire Use,High,High,LANDFIRE Events Geodatabase,Image-based change detection,dNBR (Std Dev Breaks),NA,Image-based change detection identified disturbance within Wildland Fire Use LANDFIRE Events Geodatabase polygon.
267,28,1,783,783,2019,Wildland Fire Use,Medium,High,Image-based change detection,LANDFIRE Events Geodatabase,dNBR (Std Dev Breaks),NA,"Wildland Fire Use causality likely, but could be other causality type than assigned (Image-based change detection pixels within Wildland Fire Use LANDFIRE Events Geodatabase 500 m buffer). "
268,3,1,782,782,2019,Wildland Fire Use,Medium,Medium,Image-based change detection,LANDFIRE Events Geodatabase,dNBR (Std Dev Breaks),NA,"Wildland Fire Use causality likely, but could be other causality type than assigned (Image-based change detection pixels within Wildland Fire Use LANDFIRE Events Geodatabase 500 m buffer). "
269,1041,1,482,482,2019,Wildland Fire Use,High,Medium,LANDFIRE Events Geodatabase,Image-based change detection,dNBR (Std Dev Breaks),NA,Image-based change detection identified disturbance within Wildland Fire Use LANDFIRE Events Geodatabase polygon.
270,1479,1,481,481,2019,Wildland Fire Use,High,Low,LANDFIRE Events Geodatabase,Image-based change detection,dNBR (Std Dev Breaks),NA,Image-based change detection identified disturbance within Wildland Fire Use LANDFIRE Events Geodatabase polygon.
271,6881,9999,481,481,2019,Wildland Fire Use,High,Low,LANDFIRE Events Geodatabase,Image-based change detection,dNBR (Std Dev Breaks),NA,Image-based change detection identified disturbance within Wildland Fire Use LANDFIRE Events Geodatabase polygon.
272,4844,9999,483,483,2019,Wildland Fire Use,High,High,LANDFIRE Events Geodatabase,Image-based change detection,dNBR (Std Dev Breaks),NA,Image-based change detection identified disturbance within Wildland Fire Use LANDFIRE Events Geodatabase polygon.
273,25,1,781,781,2019,Wildland Fire Use,Medium,Low,Image-based change detection,LANDFIRE Events Geodatabase,dNBR (Std Dev Breaks),NA,"Wildland Fire Use causality likely, but could be other causality type than assigned (Image-based change detection pixels within Wildland Fire Use LANDFIRE Events Geodatabase 500 m buffer). "
274,6761,9999,482,482,2019,Wildland Fire Use,High,Medium,LANDFIRE Events Geodatabase,Image-based change detection,dNBR (Std Dev Breaks),NA,Image-based change detection identified disturbance within Wildland Fire Use LANDFIRE Events Geodatabase polygon.
275,178,9999,783,783,2019,Wildland Fire Use,Medium,High,Image-based change detection,LANDFIRE Events Geodatabase,dNBR (Std Dev Breaks),NA,"Wildland Fire Use causality likely, but could be other causality type than assigned (Image-based change detection pixels within Wildland Fire Use LANDFIRE Events Geodatabase 500 m buffer). "
276,113,9999,782,782,2019,Wildland Fire Use,Medium,Medium,Image-based change detection,LANDFIRE Events Geodatabase,dNBR (Std Dev Breaks),NA,"Wildland Fire Use causality likely, but could be other causality type than assigned (Image-based change detection pixels within Wildland Fire Use LANDFIRE Events Geodatabase 500 m buffer). "
277,1467,9999,781,781,2019,Wildland Fire Use,Medium,Low,Image-based change detection,LANDFIRE Events Geodatabase,dNBR (Std Dev Breaks),NA,"Wildland Fire Use causality likely, but could be other causality type than assigned (Image-based change detection pixels within Wildland Fire Use LANDFIRE Events Geodatabase 500 m buffer). "
278,3,1,1081,1081,2019,Biological,Medium,Low,LANDFIRE Events Geodatabase,dNBR (Std Dev Breaks),NA,NA,Biological LANDFIRE Events Geodatabase polygon. No change from Landsat image-based change detection or low confidence in severity assignment so default severity of low.
279,90,9999,1122,1122,2019,Unknown,NA,Medium,Image-based change detection,Protected Area Database GAP Status,dNBR (Std Dev Breaks),Burned Area Essential Climate Product,"Image-based change detection identified change (outside LANDFIRE Events Geodatabase 500m buffer, PAD GAP Status equals 1 or 2).  Burned Area Essential Climate Variable (BAECV) indicates burned condition (BAECV >=  95%)."
280,2,9999,1123,1123,2019,Unknown,NA,High,Image-based change detection,Protected Area Database GAP Status,dNBR (Std Dev Breaks),Burned Area Essential Climate Product,"Image-based change detection identified change (outside LANDFIRE Events Geodatabase 500m buffer, PAD GAP Status equals 1 or 2).  Burned Area Essential Climate Variable (BAECV) indicates burned condition (BAECV >=  95%)."
281,107,1,422,422,2019,Clearcut,High,Medium,LANDFIRE Events Geodatabase,Image-based change detection,dNBR (Std Dev Breaks),NA,Image-based change detection identified disturbance within Clearcut LANDFIRE Events Geodatabase polygon.
282,124,1,423,423,2019,Clearcut,High,High,LANDFIRE Events Geodatabase,Image-based change detection,dNBR (Std Dev Breaks),NA,Image-based change detection identified disturbance within Clearcut LANDFIRE Events Geodatabase polygon.
283,2,1,421,421,2019,Clearcut,High,Low,LANDFIRE Events Geodatabase,Image-based change detection,dNBR (Std Dev Breaks),NA,Image-based change detection identified disturbance within Clearcut LANDFIRE Events Geodatabase polygon.
